BK-1111,CT-1111,01/01/2021,01/02/2021,SVHO-4563,3 Stars
BK-1234,CT-1111,12/01/2021,12/01/2022,3 Stars,SVHO-4563
BK-6666,CT-1111,12/01/2021,12/02/2021,SVHO-5555,3 Stars
BK-9999,CT-1111,12/02/2021,12/03/2021,3 Stars,SVHO-4563
BK-4444,CT-1111,12/01/2021,12/01/2022,SVHO-5555,3 Stars
BK-8888,CT-1111,12/01/2222,12/11/2222,3 Stars,SVHO-5555
BK-5454,CT-1111,12/02/2222,12/12/2222,SVRO-9999,3 Stars
BK-1111,CT-1111,12/01/2021,12/02/2022,3 Stars,SVHO-5555
BK-1234,CT-1111,12/12/2022,13/12/2022,SVHO-5555,3 Stars
BK-1234,CT-1111,12/12/2022,13/12/2022,SVHO-5555,3 Stars
